{"cameraMode":{"drawMode":0,"name":"Shaded","section":"Shading Mode"},"sceneLighting":true,"audioPlay":false,"sceneViewState":{"showFog":true,"showMaterialUpdate":false,"showSkybox":true,"showFlares":true,"showImageEffects":true,"showParticleSystems":true},"in2DMode":false,"pivot":{"x":14.52730655670166,"y":3.8833937644958498,"z":-17.226346969604493},"rotation":{"x":0.14398141205310822,"y":0.5110992789268494,"z":0.08730839937925339,"w":-0.8428700566291809},"size":3.8526742458343508,"orthographic":false}