{"cameraMode":{"drawMode":0,"name":"Shaded","section":"Shading Mode"},"sceneLighting":false,"audioPlay":false,"sceneViewState":{"showFog":true,"showMaterialUpdate":false,"showSkybox":false,"showFlares":true,"showImageEffects":true,"showParticleSystems":true},"in2DMode":false,"pivot":{"x":8.940696716308594e-8,"y":0.6336756944656372,"z":-0.22259244322776795},"rotation":{"x":-0.09087207168340683,"y":0.8917669653892517,"z":-0.3921675384044647,"w":-0.20663803815841676},"size":0.8867397308349609,"orthographic":false}