{"cameraMode":{"drawMode":0,"name":"Shaded","section":"Shading Mode"},"sceneLighting":true,"audioPlay":false,"sceneViewState":{"showFog":true,"showMaterialUpdate":false,"showSkybox":true,"showFlares":true,"showImageEffects":true,"showParticleSystems":true},"in2DMode":false,"pivot":{"x":8.344650268554688e-7,"y":0.8273140788078308,"z":0.03989846259355545},"rotation":{"x":-0.09087207168340683,"y":0.8917669653892517,"z":-0.3921675384044647,"w":-0.20663803815841676},"size":0.9636604189872742,"orthographic":false}