{"cameraMode":{"drawMode":0,"name":"Shaded","section":"Shading Mode"},"sceneLighting":true,"audioPlay":false,"sceneViewState":{"showFog":true,"showMaterialUpdate":false,"showSkybox":true,"showFlares":true,"showImageEffects":true,"showParticleSystems":true},"in2DMode":false,"pivot":{"x":0.1608874797821045,"y":0.0,"z":-0.5369828939437866},"rotation":{"x":0.10407290607690811,"y":0.8927702903747559,"z":-0.2676878869533539,"w":0.34709566831588747},"size":0.9485707879066467,"orthographic":false}