{"cameraMode":{"drawMode":0,"name":"Shaded","section":"Shading Mode"},"sceneLighting":true,"audioPlay":false,"sceneViewState":{"showFog":true,"showMaterialUpdate":false,"showSkybox":true,"showFlares":true,"showImageEffects":true,"showParticleSystems":true},"in2DMode":false,"pivot":{"x":-2.6999998092651369,"y":9.539999961853028,"z":12.190000534057618},"rotation":{"x":-0.11999190598726273,"y":0.8658272624015808,"z":-0.4169718027114868,"w":-0.24915912747383119},"size":15.13549518585205,"orthographic":false}